animal_number,tissue_fraction,FITC_threshold,FITC_bg_raw,FITC_n_in,FITC_signal_total,TxR_threshold,TxR_bg_raw,TxR_n_in,TxR_signal_total
an2,0.9657806488503204,1988.233,943.0,723754,1457200512.0,1122.409,433.0,3178501,3656082176.0
an3,0.9824809134561721,2188.189,1054.0,1094712,2613466368.0,1086.931,442.0,5050985,6683018240.0
an4,0.9491332099128116,1813.451,872.0,302729,532725632.0,689.9979999999999,349.0,1540269,971024192.0
an6,0.9755195313829502,1892.864,944.0,637995,1166724096.0,1231.365,453.0,5426879,8080167936.0
an7,0.9596348112230272,2059.189,925.0,179766,367439904.0,852.2579999999999,363.0,3869125,4068704000.0
an10,0.974423437009233,1843.038,909.0,694872,1308621568.0,1035.692,413.0,5319163,7243780096.0
an13,0.9817090630225206,1915.1680000000001,907.0,702607,1469240192.0,1564.82,527.0,4520032,10127462400.0
an16,0.9632143766222749,1702.451,761.0,158651,213219520.0,695.4759999999999,310.0,4627890,4088732928.0
an17,0.9682646899923062,1809.451,868.0,60362,73809072.0,708.65,338.0,2895590,2204377088.0
an19,0.9799895808621856,2136.145,913.0,169390,304449760.0,1136.474,410.0,6072469,9435258880.0
an21,0.9564015031481368,1932.103,961.0,425542,877060800.0,1099.931,455.0,3393243,5258112000.0
an22,0.9642868389888563,2194.9709999999995,957.0,568900,1337337088.0,1722.0149999999999,573.0,2946270,7868928000.0
an24,0.9745291876881035,2291.927,965.0,908308,2748094976.0,1873.2099999999998,613.0,4809952,13570247680.0
an25,0.9721231087948173,1916.581,901.0,550208,794214144.0,732.5409999999999,310.0,3305329,2554427392.0
an26,0.9623689616277505,1864.929,879.0,381806,651229504.0,726.302,326.0,3200928,2688289024.0
an29,0.9729582913278979,1706.973,810.0,1057524,1585829376.0,916.388,353.0,4620737,5029897728.0
an30,0.9620521151142294,1756.321,889.0,1095265,1987413376.0,972.2139999999999,394.0,3274293,3616336384.0
an32,0.9493183360794126,1660.908,801.0,324834,421428192.0,879.0840000000001,375.0,4612218,4408036352.0
an33,0.9465299154193579,1724.147,842.0,760432,1680211072.0,839.432,365.0,2667665,2469259264.0
an36,0.9557213828329211,2048.189,914.0,535864,1267774592.0,1040.518,403.0,3787990,5350571520.0
